<manifest alg="2" build="44" opt="true" iceEnabled="true" iceMarkupVersion="2" exportTarget="other" resolutions="1x" timestamp="1427142459250">
  <folder name="css">
    <file name="site_global.css" crc="422415861"/>
    <file name="master_a-master.css" crc="3761528142" ref="index:about:projects:contact:awards"/>
    <file name="index.css" crc="3901875632" ref="index"/>
    <file name="iefonts_index.css" crc="163120149" ref="index"/>
    <file name="about.css" crc="277953299" ref="about"/>
    <file name="iefonts_about.css" crc="3978584937" ref="about"/>
    <file name="projects.css" crc="72632815" ref="projects"/>
    <file name="iefonts_projects.css" crc="4133536581" ref="projects"/>
    <file name="contact.css" crc="3827362461" ref="contact"/>
    <file name="iefonts_contact.css" crc="265387431" ref="contact"/>
    <file name="awards.css" crc="4144149186" ref="awards"/>
    <file name="iefonts_awards.css" crc="353748105" ref="awards"/>
  </folder>
  <folder name="scripts">
    <file name="jquery-1.8.3.min.js" crc="364326742" ref="index:about:awards:contact:projects"/>
    <file name="museutils.js" crc="479751881" ref="index:about:awards:contact:projects"/>
    <file name="pie.js" crc="3827607177" ref="index:about:contact:projects"/>
    <file name="jquery.musepolyfill.bgsize.js" crc="503158633" ref="index:about:awards:contact:projects"/>
    <file name="webpro.js" crc="3930024250" ref="index:about:contact:projects"/>
    <file name="musewpslideshow.js" crc="4014282895" ref="index:about:projects"/>
    <file name="jquery.museoverlay.js" crc="4213181908" ref="index:about:projects"/>
    <file name="touchswipe.js" crc="4151298246" ref="index:about:projects"/>
    <file name="musewpdisclosure.js" crc="102406591" ref="index"/>
    <file name="jquery.musemenu.js" crc="4120181458" ref="index:about:awards:contact:projects"/>
    <file name="jquery.watch.js" crc="4232581965" ref="index:about:awards:contact:projects"/>
    <file name="html5shiv.js" crc="4241844378" ref="index:about:awards:contact:projects"/>
    <file name="form_check.php" crc="332337308" ref="contact"/>
    <file name="form_throttle.php" crc="3814272331" ref="contact"/>
    <file name="form_process.php" crc="59041389" ref="contact"/>
    <file name="form-u8804.php" crc="70983279" ref="contact"/>
  </folder>
  <folder name="images">
    <file name="ikconstruction_darkbluebeam2.jpg" crc="3771101507" ref="index:about:awards:contact:projects"/>
    <file name="newark-arena-55.jpg" crc="4135094302" ref="index"/>
    <file name="dsc00080.jpg" crc="4024280614" ref="index"/>
    <file name="newark-arena-331.jpg" crc="232576618" ref="index"/>
    <file name="leftarrow.png" crc="99792193" ref="index:about:projects"/>
    <file name="leftarrowh.png" crc="211913890" ref="index:about:projects"/>
    <file name="rightarrow.png" crc="144791439" ref="index:about:projects"/>
    <file name="rightarrowh.png" crc="26923856" ref="index:about:projects"/>
    <file name="plus.png" crc="3886095635" ref="index"/>
    <file name="plushover.png" crc="4166113677" ref="index"/>
    <file name="minus.png" crc="3780706752" ref="index"/>
    <file name="breadcrumbs-bar-bgdark.jpg" crc="412185972" ref="about:awards:contact:projects"/>
    <file name="breadcrumbs-bar-bgdark-u7301-fr.png" crc="430325207" ref="about"/>
    <file name="dsc00120.jpg" crc="9218210" ref="about"/>
    <file name="dsc00051.jpg" crc="531570985" ref="about"/>
    <file name="dsc00009.jpg" crc="311477433" ref="about"/>
    <file name="twitter.png" crc="271283246" ref="about"/>
    <file name="linkedin.png" crc="53693590" ref="about"/>
    <file name="facebook.png" crc="175092987" ref="about"/>
    <file name="ian_about.jpg" crc="3878607635" ref="about"/>
    <file name="shadow-u7537-fr.png" crc="3845360896" ref="awards"/>
    <file name="enr.jpg" crc="4194033646" ref="awards"/>
    <file name="mcgraw_hill_construction_logo.jpg" crc="363120622" ref="awards"/>
    <file name="u8811-17.png" crc="3793788504" ref="contact"/>
    <file name="u8811-17-r.png" crc="4176438821" ref="contact"/>
    <file name="u8811-17-m.png" crc="4176438821" ref="contact"/>
    <file name="u8811-17-fs.png" crc="4176438821" ref="contact"/>
    <file name="dsc00029.jpg" crc="53687219" ref="projects"/>
    <file name="dsc00077.jpg" crc="4077740898" ref="projects"/>
    <file name="dsc00003.jpg" crc="196349182" ref="projects"/>
    <file name="dsc00074.jpg" crc="348095766" ref="projects"/>
    <file name="newark-arena-55-1.jpg" crc="4018260521" ref="projects"/>
    <file name="dflag2.jpg" crc="244222256" ref="projects"/>
    <file name="dsc00043-1.jpg" crc="3905123258" ref="index"/>
    <file name="dsc00047-1.jpg" crc="3934737138" ref="index"/>
    <file name="picture-012.jpg" crc="467210632" ref="index"/>
    <file name="picture-258.jpg" crc="4229166666" ref="index"/>
  </folder>
  <file name="index.html" crc="4106762032" mt="1427095243071" redirect="true"/>
  <file name="about.html" crc="450223520" mt="1427141499074" redirect="true"/>
  <file name="awards.html" crc="67463515" mt="1427094771643" redirect="true"/>
  <file name="contact.html" crc="20449889" mt="1427141686215" redirect="true"/>
  <file name="projects.html" crc="3854600795" mt="1427096416692" redirect="true"/>
</manifest>